date,category,tags,provider,comments,title,summary,articleUrl,imageUrl
20120101154803,society,산부인과|임신,이데일리,411,18세 이하 모든 산모에 120만원 지원,"[이데일리 정유진 기자] 만 18세 이하 모든 산모에게 임신, 출산 관련 의료비 120만원이 지원된다.보건복지부는 1일 ""청소년 산모 의료비 지원대상을 기존 `만 18세이하 미혼모자 시설 입소 산모`에서 이달부터 `만 18세 이하 산모`로 확대한다""고 밝혔다. 지원 형태도 `맘편한 카드(우리은행 발급)`라는 전용 카드를 산모가 신청해 발급받아 사용하는 ",http://v.media.daum.net/v/20120101154803935,
20120101123205,economic,여성혐오,아시아경제,349,남녀의 이상적인 키 차이? 男 10cm VS 女 15cm,"남성이 원하는 상대의 키는 실제 여성의 평균 신장과 비슷한 반면 여성은 평균보다 큰 남성을 선호해 이상적인 키에 대한 남녀의 시각차가 뚜렷한 것으로 나타났다.소셜 데이팅 서비스 이츄가 미혼남녀 797명(남 440명, 여 357명)을 대상으로 '연애와 키의 상관관계'에 대해 설문을 실시한 결과 남성은 평균 162cm의 여성을, 여성은 178cm인 남성을 ",http://v.media.daum.net/v/20120101123205160,http://t1.daumcdn.net/news/201201/02/akn/20120102093722407.jpg
20120101120207,economic,산부인과|임신,연합뉴스,321,18세이하 모든 산모 임신·출산비 지원,"'맘편한 카드' 발급(서울=연합뉴스) 신호경 기자 = 정부가 만 18세이하 어린 산모 모두에게 임신·출산 관련 의료비를 지원한다.보건복지부는 청소년 산모 의료비 지원대상을 기존 '만 18세이하 미혼모자 시설 입소 산모'에서 이달부터 '만 18세이하 산모'로 확대한다고 1일 밝혔다.지원 형태도 '맘편한 카드(우리은행)'라는 전용 카드를 산모가 신청, 발급",http://v.media.daum.net/v/20120101120207358,http://t1.daumcdn.net/news/201201/01/yonhap/20120101120207421.jpg
20120101210708,entertain,인권,뉴스엔,281,"[단독]오다기리 조, 사인논란 부산 식당 재방문 ‘직접 사과’","[뉴스엔 조연경 기자]오다기리 조의 한국 사랑이 제대로 증명됐다.오다기리 조는 12월 31일과 1월 1일, 연말과 새해 휴일을 모두 반납하고 영화 '마이웨이' 홍보 차 장동건 김인권 등 '마이웨이' 팀과 함께 부산과 대구 지역 무대 인사를 가졌다.1일 한 영화 관계자에 따르면 부산을 방문한 오다기리 조는 이 과정에서 관계자들이 말도 꺼내기 전에 먼저 자",http://v.media.daum.net/v/20120101210708841,http://t1.daumcdn.net/news/201201/01/newsen/20120101210708858.jpg
20120101120406,society,여성혐오,경향신문,246,조사 받던 폭행피해자 “새 출발 하자” 며 진술서 찢었다가 낭패,"폭행사건의 피해자가 경찰 조사과정에서 ""다 용서하겠다""며 진술서를 찢어 피의자로 다시 조사를 받는 신세가 됐다. 서울 광진경찰서는 1일 폭행을 당해 피해자로 조사를 받던 중 자신과 폭행 피의자들의 진술서를 찢은 혐의(공용문서손괴)로 최모씨(56)를 불구속 입건했다.최씨는 1일 새벽 3시쯤 광진구 자양동의 한 식당에서 술을 마시던 중 화장실에 다녀 온 사",http://v.media.daum.net/v/20120101120406583,
20120101140803,entertain,여성혐오,엑스포츠뉴스,229,"소녀시대 일반인 포스, 킬힐 벗으니 '각선미 실종'","▲ 소녀시대 일반인 포스 ⓒ SBS 방송화면[엑스포츠뉴스=방송연예팀 추민영 기자] 그룹 소녀시대의 각선미 실종 사진이 공개돼 화제다.지난 달 31일, 한 온라인커뮤니티에는 '소녀시대 일반인 포스, 하이힐의 중요성'이라는 제목으로 몇 장의 사진이 게재됐다.공개된 사진은 소녀시대가 과거에 한 경기장에서 공연을 하고 있는 모습으로, 멤버들 모두 똑같은 남방과",http://v.media.daum.net/v/20120101140803722,http://t1.daumcdn.net/news/201201/01/xportsnews/20120101140804003.jpg
20120101163706,economic,여성혐오,조선일보,226,"갤럭시탭 광고에 등장한 소녀, 알고보니 애플이…","삼성전자가 앙숙 애플의 아이폰4S 광고에 출연했던 소녀 모델을 자사의 갤럭시탭 광고에 투입했다. 애플 팬들은 ""그동안 애플 제품을 베껴온 삼성이 이제는 '광고의 느낌'까지 베끼려 한다""며 흥분하고 있다.삼성전자는 지난달 14일 국내에서 갤럭시탭 8.9 LTE 모델에 대한 TV 광고를 선보였다. 광고는 한 서양 여자 아이가 아빠와 함께 갤럭시탭으로 즐거운",http://v.media.daum.net/v/20120101163706780,http://t1.daumcdn.net/news/201201/01/chosun/20120101172203540.jpeg
20120101162909,society,인권,뉴시스,167,'故김근태 고문을 추모합니다'…남영동 대공분실에 조화,【서울=뉴시스】배민욱 기자 = 고(故) 김근태(64) 민주통합당 상임고문을 추모하기 위해 김 고문이 조사를 받던 취조실에 불을 켜두고 문앞 복도 테이블 위에 조화를 올려둔 것으로 알려졌다.현 경찰청 인권보호센터는 구 서울 남영동 대공분실이다. 고인이 과거에 고문을 당했던 장소다. 1987년에는 고 박종철 열사가 물고문으로 사망한 장소이기도 하다.사진은 ,http://v.media.daum.net/v/20120101162909625,http://t1.daumcdn.net/news/201201/01/newsis/20120101162909686.jpg
20120101172513,economic,여성혐오,파이낸셜뉴스,128,[FTA시대 개막] 한·미 FTA로 달라지는 생활,"　회사원 E씨는 최근 퇴근 후 마트에 들러 장보기가 한결 편안해졌다. 지난해 천정부지로 치솟던 물가로 장보기가 부담스러웠는데 올해부터는 한·미 자유무역협정(FTA) 발효로 서민생활에 큰 부분을 차지하던 식료품 가격이 대폭 떨어졌기 때문이다. E씨는 특히 남녀노소 누구나 즐겨 먹는 삼겹살과 아이들 간식을 비롯, 각종 요리재료로 사용되는 치즈 등을 주로 구",http://v.media.daum.net/v/20120101172513077,
20120101003505,politics,육아,연합뉴스,119,<2012 예산 확정…복지 늘리고 FTA 지원 강화>,"일자리 3천800억↑, 한미FTA 지원 3천억 증액복지지출 비중 28.5%…정부안보다 0.3%p 올라(서울=연합뉴스) 김용래 기자 = 국회는 서민 복지와 한·미 자유무역협정(FTA) 피해보전을 정부안보다 강화하는 것을 골자로 한 새해 예산을 31일 확정했다.국회 심의에서 재정지원 일자리와 사회보험료 확대, 0~2세 아동 무상보육 전면실시, 밭농업·수산업",http://v.media.daum.net/v/20120101003505043,
20120102165822,entertain,여성혐오,스포츠조선,325,“미녀 방청객이 강유미” 볼때마다 딴 사람 ‘충격!’,&lt; 사진=온라인 커뮤니티 &gt;개그우먼 강유미의 볼때마다 다른 느낌의 외모가 화제다.2일 온라인 커뮤니티 게시판에는 '강유미 몰라보겠어'라는 제목으로 사진이 게재됐다.사진 속 강유미는 tvN 코미디쇼 'SNL 코리아'의 방청객석에 앉아 한층 작아진 얼굴과 갸름한 턱 선을 과시했다. 특히 화장기 없는 모습에 생방송 화면 포착임에도 배우 못지않은 미,http://v.media.daum.net/v/20120102165822969,http://t1.daumcdn.net/news/201201/02/sportschosun/20120102182218497.jpg
20120102070007,society,산부인과|임신,노컷뉴스,322,저당 잡힌 청춘… 결혼도 출산도 사치,"[CBS 홍제표 · 이대희 기자]만성화된 청년실업은 대한민국의 미래를 짓누르는 불안 요인이 되고 있다. 제대로 된 일자리 없이 사회에 첫 발을 내딛는 지금의 20,30대는 상대적 박탈감에 좌절한다. 평생 열심히 일해도 윗 세대들이 쌓아올린 사회적 지위를 도저히 따라잡을 수 없다는 분노와 절망은 급기야 결혼과 출산 포기로 이어져 사회의 영속성마저 위협하고",http://v.media.daum.net/v/20120102070007575,http://t1.daumcdn.net/news/201201/02/nocut/20120102191213189.jpg
20120102023506,society,산부인과|임신,한국일보,315,"""세상을 바꾸자"" 20代가 꿈틀대다","10명중 9명 ""올 총선·대선 꼭 투표""""등록금·취업 등 고민, 기성세대는 해결 못해""총선과 대선이 잇달아 치러지는 선거의 해인 2012년, 20대가 움직이기 시작했다. 오랫동안 소극적인 정치무관심층으로 분류됐던 한국의 20대가 다시 적극적인 정치참여세대로 돌아오고 있다. 등록금, 취업, 결혼과 출산 등 자신들이 봉착한 문제를 기성세대가 어느 것 하나 ",http://v.media.daum.net/v/20120102023506875,http://t1.daumcdn.net/news/201201/02/hankooki/20120102064708752.jpg
20120102113808,society,범죄|성희롱|인권,헤럴드경제,218,방송 여기자에 “하룻밤…” 이 남자 처벌은?,"지난 11월 국가인권위원회 직원이 회식자리에서 여기자를 성희롱한 사건에 대해 인권위가 '제식구 감싸기'식의 솜방망이 처벌을 해 문제가 되고 있다.2일 새사회연대에 따르면 인권위는 지난해 11월, 회식자리에서 한 방송사 여기자에게 '하룻밤 보내자'며 성희롱적 발언을 한 직원에 대해 지난해 12월 26일 징계위원회를 열었다.인권위는 그러나 해당 직원에게 감",http://v.media.daum.net/v/20120102113808871,
20120102092610,society,범죄|성폭력,연합뉴스,203,제야의 타종식서 치마 속 촬영한 20대 검거,(대구=연합뉴스) 한무선 기자 = 대구 중부경찰서는 2일 제야의 타종 행사장에서 여성들의 치마 속을 촬영한 혐의(성폭력 범죄의 처벌 및 피해자 보호 등에 관한 법률 위반)로 A(27ㆍ회사원)씨에 대해 조사 중이다.A씨는 지난 1일 0시 20분께 대구시 중구 공평동 제야의 타종 행사장 앞에서 타종식을 지켜보고 있던 B(20.ㆍ여)씨의 다리 쪽에 스마트폰을,http://v.media.daum.net/v/20120102092610378,
20120102120116,society,성매매,뉴시스,198,'양은이파 재건하려 성매매' 조폭 40명 적발,"후계자·부두목 등 4명 구속기소【서울=뉴시스】양길모 기자 = 1970~80년대 전국구 주먹으로 이름을 날렸던 폭력조직 '양은이파'의 재건을 도모하던 조직폭력배 일당 40명을 적발했다.서울중앙지검 강력부(부장검사 김회종)는 40여명 규모로 폭력조직 '양은이파' 재건조직을 결성, 성매매 유흥업소를 운영하며 룸살롱 영업사장 등에게 폭력을 행사한 혐의(폭력행위",http://v.media.daum.net/v/20120102120116168,http://t1.daumcdn.net/news/201201/02/newsis/20120102120116229.jpg
20120102185005,society,여성혐오,세계일보,177,대학등록금 결국 ‘반의 반값 인하’ 그쳐,"올해 국가장학금 1조7500억 등 2조5000억 투입기초수급 563만원, 소득따라 338만∼38만원↓학자금 대출 금리 1%P 내려… 신청자격도 완화[세계일보]월 소득이 245만원(소득 3분위) 이하인 가구의 대학생 자녀는 올해부터 예년보다 최소 203만원 정도의 등록금을 덜 내게 된다. 또 학자금대출 금리는 올해부터 3.9%로 인하되고 신청기준 학점도 ",http://v.media.daum.net/v/20120102185005210,http://t1.daumcdn.net/news/201201/03/segye/20120103005504059.jpg
20120102154225,entertain,여성혐오,스포츠조선,163,"한가인 ""2세 계획? 낳아야 하는데 시간적으로 좀...""",MBC 새 수목 드라마 '해를 품은 달'의 제작발표회가 2일 63시티에서 열렸다. '해를 품은 달'은 '성균관 스캔들'의 원작자 정은궐의 동명 소설을 원작으로 한 드라마로 조선시대 가상의 왕 이훤과 무녀 월의 애틋한 사랑을 그린 판타지 로맨스 사극이다.한가인이 포토타임에 포즈를 취하고 있다.최문영 기자 deer@sportschosun.com /2012.,http://v.media.daum.net/v/20120102154225341,http://t1.daumcdn.net/news/201201/02/sportschosun/20120102182137445.jpg
20120103031702,society,범죄,서울신문,738,“형사 미성년자 12세로” 뒤늦게 회초리 든 교과부,[서울신문]교육당국이 학교폭력 근절을 위해 '무관용 원칙'(zero tolerance)이라는 초강수를 빼들었다. 형법상 형사 미성년자 나이를 현행보다 2살 낮춰 만 12세로 규정하는 데다 학교생활기록부에 폭력 전력과 징계내역을 기재하는 방안을 적극 검토하기로 했다. 나아가 현재 강제 퇴학이 불가능한 의무교육과정의 중학생을 퇴학 또는 강제 전학시키는 내용,http://v.media.daum.net/v/20120103031702929,
20120103073307,economic,산부인과|임신,노컷뉴스,477,미래 없는 미래 세대… '분노 폭발',"[CBS 홍제표·이대희 기자]만성화된 청년실업은 대한민국의 미래를 짓누르는 불안 요인이 되고 있다. 제대로 된 일자리 없이 사회에 첫 발을 내딛는 지금의 20,30대는 상대적 박탈감에 좌절한다. 평생 열심히 일해도 윗 세대들이 쌓아올린 사회적 지위를 도저히 따라잡을 수 없다는 분노와 절망은 급기야 결혼과 출산 포기로 이어져 사회의 영속성마저 위협하고 있",http://v.media.daum.net/v/20120103073307667,http://t1.daumcdn.net/news/201201/03/nocut/20120103073307765.jpg
20120103224810,society,육아,MBC,308,"원칙 없는 표퓰리즘?‥3살과 4살, 왜 제외?",[뉴스데스크]◀ＡＮＣ▶나라에서 보육비를 준다는데 싫어할 사람이 누가 있겠습니까?문제는 젊은 세대의 보육에 실제로 도움이 될까 하는 점인데요.다분히 올해 선거를 의식한 선심성 정책이라는 비판이 나오고 있습니다.김현경 기자가 취재했습니다.◀ＶＣＲ▶만 2살 이하 무상보육은 보건복지부 업무보고와 예산안에는 없던 내용입니다.이미 결정돼 있던 만5살 이하 '누리과,http://v.media.daum.net/v/20120103224810187,http://t1.daumcdn.net/news/201201/03/imbc/20120103225428745.jpg
20120103033509,politics,인권,동아일보,225,"“北, 탈북 3명 압록강변서 무차별 사살”","[동아일보]지난해 말 탈북을 시도하던 주민 3명이 북한군 총격에 희생됐다는 주장이 나왔다.▶ [채널A 영상] ""탈북시 총살-외국돈도 쓰지마"" 어린 독재자 김정은대북 인권단체인 피랍탈북인권연대의 도희윤 대표는 ""지난해 12월 31일 오후 5시경 양강도 혜산에서 중국을 향해 압록강을 건너던 북한 남성 3명이 뒤쫓아 온 국경수비대의 총에 맞아 그 자리에서 사",http://v.media.daum.net/v/20120103033509184,
20120103112719,entertain,여성혐오,뉴스엔,148,"생식개발녀 처음으로 욕안먹는 화성인, 시청자 반전 “이렇게 살고싶다”","화성인 생식개발녀가 시청자로부터 욕을 먹지 않는 화성인이 됐다.1월 2일 방송된 tvN '화성인 X-파일'(화성인, MC 붐)에서는 가공식품 0%, 오직 생식으로만 요리하는 생식개발녀 전주리가 출연했다.이날 방송에 모습을 드러낸 생식개발녀는 날씬한 몸매와 아름다운 피부를 가진 미모의 여성이었으며 불을 활용하지 않고 오직 생식으로만 요리해먹는 화성인이었다",http://v.media.daum.net/v/20120103112719385,http://t1.daumcdn.net/news/201201/03/newsen/20120103112719397.jpg
20120104104518,society,혐오,노컷뉴스,1923,"""소는 청와대가 키워라!""…2천마리 몰고 청와대행","[CBS &lt; 김현정의 뉴스쇼 &gt; ]- 1만 원 웃돈 주며 팔려해도 안 팔려- 구제역 혐오로 국산 소비 줄어- 축산농민 자살도 속출■ 방송 : FM 98.1 (07:00~09:00)■ 진행 : 김현정 앵커■ 대담 : 경기도 안성 육우농가 최현주 씨, 전국한우협회 임관빈 서울인천경기도지회장송아지 한 마리에 1만 원이라면 믿기십니까? 사실 식당에 ",http://v.media.daum.net/v/20120104104518937,http://t1.daumcdn.net/news/201201/04/nocut/20120104104519013.jpg
20120104115721,society,여성혐오,노컷뉴스,994,"동거 남녀, 같은 모텔서 잇따라 자살…'안타까운 사연'",[전남CBS 이상환 기자]어린 나이에 아이를 낳아 기르던 동거 남녀가 삶을 비관해 잇따라 목숨을 끊었다.이들의 자살로 1살 여아는 부모를 잃고 세상에 홀로 남겨져 주위의 안타까움을 사고 있다.4일 순천경찰서에 따르면 올해 김모(17) 군이 스스로 목숨을 끊은 것은 지난 3일 오전 10시 30분쯤.중학교를 중퇴한 김 군은 동거 중인 박모(20) 양과 1년,http://v.media.daum.net/v/20120104115721801,
20120104111005,society,범죄|성폭력|성폭행|폭행,연합뉴스,706,금품갈취ㆍ성폭행..여주 '일진' 중학생 22명 적발,(여주=연합뉴스) 이우성 최종호 기자 = 학교 폭력에 대한 사회적 우려가 커지고 있는 가운데 후배들을 상습적으로 폭행하고 돈을 빼앗는가 하면 가출 여중생을 성폭행까지 한 '일진' 중학생 등 22명이 경찰에 붙잡혔다.경기도 여주경찰서는 4일 공갈ㆍ갈취ㆍ성폭력특별법 위반 등 혐의로 여주 모 중학교 3학년 김모(15)군 등 4명에 대해 구속영장을 신청하고 1,http://v.media.daum.net/v/20120104111005861,
20120104031517,society,인권,동아일보,570,[수도권]김문수 ‘北인권 비판’ WP에 기고,"[동아일보]김문수 경기도지사(사진)가 북한 인권탄압을 비판하는 내용으로 쓴 기고문이 지난해 12월 30일자 미국 워싱턴포스트에 실렸다. 독자투고 형식의 기고문은 A19면에 '북한의 인권탄압을 끝내야 한다'라는 제목으로 게재됐다. 김 지사는 ""한국인 경제학자 오길남 씨 가족은 1985년 북한의 꾐에 빠져 북한으로 들어갔으며 다른 유학생을 납치하라는 명령을",http://v.media.daum.net/v/20120104031517132,http://t1.daumcdn.net/news/201201/04/donga/20120104122104565.jpg
20120104030807,society,범죄|성추행|추행,조선일보,558,"[＂왕따 폭력 이렇게 당했다＂… 아이들 직접 만나보니] ＂새벽 3시까지 공부… 괴롭힌 애들, 공부로라도 이기고 싶었다＂","지난해 1년간 같은 반 친구들로부터 왕따 폭행을 당한 서울 강서구 K중학교 1학년 임모(13)군이 작성한 '폭행과 괴롭힘을 당한 일람표'에는 무려 148차례의 각종 폭행과 성추행, 갖가지 가혹 행위가 A4용지 38장에 빠짐없이 정리돼 있다. 임군은 폭행을 당한 날짜와 장소, 가해자 이름 등을 모두 기록했다. 서울남부지검은 지난달 10일쯤 이 서류를 제출",http://v.media.daum.net/v/20120104030807634,
20120104214003,society,범죄|성폭행|폭행,MBC,408,'일진회' 조폭 뺨친다‥기절놀이·성폭행 살벌,[뉴스데스크]◀ＡＮＣ▶경기도의 한 중학교에서 이른바 일진 학생들이 1년 가까이 후배들을 폭행하고 돈을 빼앗는 것도 모자라 여학생들을 성폭행하고 휴대전화로 촬영까지 했습니다.아이들이 했다고 쉽사리 믿기지도 않는 짓들입니다.손병산 기자입니다.◀ＶＣＲ▶경기도 여주의 한 중학교.지난해 2월부터 10달 동안 은밀한 폭력이 계속됐습니다.이른바 '일진'으로 불리는 ,http://v.media.daum.net/v/20120104214003769,http://t1.daumcdn.net/news/201201/04/imbc/20120104234309334.jpg
20120104140406,society,범죄|성폭력|성폭행|폭행,머니투데이,407,공갈·갈취·성폭행...조폭빰치는 '일진' 중학생 무더기 적발,"[ 뉴스1 제공](여주=뉴스1) 김서연 기자 = 후배들을 상습적으로 폭행하고 가출 여중생을 성폭행한 '일진' 중학생들이 무더기로 경찰에 적발돼 충격을 주고 있다.경기 여주경찰서는 여주군에 위치한 A중학교 3학년 김모(15)군 등 4명에 대해 공갈·갈취·성폭력특별법 위반 혐의로 구속영장을 신청하고, 18명을 불구속 입건했다고 4일 밝혔다.경찰에 따르면 김",http://v.media.daum.net/v/20120104140406898,
20120104182523,society,범죄|성폭력|성폭행|추행|폭행,세계일보,405,경찰도 놀란 여주 '일진' 중학생 22명의 범죄행각,학교 후배 돈뺏고 구타… 남학생 7명 추행도이천선 고교생 6명이 장애女급우 상습폭행[세계일보]학교 후배들을 상습적으로 폭행하고 돈을 빼앗는가 하면 가출 여중생을 성폭행까지 한 '일진' 중학생 등 22명이 경찰에 붙잡혔다.경기도 여주경찰서는 4일 공갈·갈취·성폭력특별법 위반 등 혐의로 여주 모 중학교 3학년 김모(15)군 등 4명에 대해 구속영장을 신청하,http://v.media.daum.net/v/20120104182523202,http://t1.daumcdn.net/news/201201/04/segye/20120104221704144.jpg
20120104161806,society,성매매,머니투데이,320,그는 왜 여성부 폐지에 '목숨'을 걸었나?,"[머니투데이 류지민기자][남성연대 성재기 대표 말을 들어보니…""페미니스트의 권력단체로 전락""]최근 여성가족부를 비꼬며 '성매매 안하면 41만원 입금' 풍자로 논란을 일으킨 남성연대가 여성가족부의 '가족' 명칭에 대해 법원에 명칭사용금지 가처분신청을 제출했다.남성연대는 4일 ""여성가족부는 '가족' 명칭을 사용할 자격이 없다""며 ""여성가족부가 '가족'이라는",http://v.media.daum.net/v/20120104161806228,
20120104130904,economic,강간|범죄|성폭행|폭행,토마토TV,320,"여고생 성폭행 혐의 미군 ""난 강간범 아니다""","[뉴스토마토 최현진기자] 서울 마포의 한 고시텔에 침입해 여고생을 성폭행하고 금품을 훔친 혐의로 기소된 미군 R일병(22)이 강간 혐의를 부인했다.서울중앙지법 형사합의27부(재판장 김형두 부장판사) 심리로 4일 열린 공판준비기일에서 R일병은 ""피해자의 노트북을 훔친 것은 사실이지만 강간은 하지 않았다""고 진술했다.R일병은 ""나중에 노트북을 돌려주긴 했지",http://v.media.daum.net/v/20120104130904607,
20120104185408,society,범죄|성추행|추행,머니투데이,283,"""딸 먼저 보내고 싶냐"" 성추행 고소 여성, 2차피해 시달려","[ 뉴스1 제공](전주=뉴스1) 박효익 기자 = 봉사단체 지역총재에 대한 성추행 의혹과 관련고소장을 낸 피해여성이 협박 등 2차 피해에 시달린 것으로 밝혀졌다.고소인 A씨는 4일 뉴스1과의 전화통화에서 ""고소 직후 온갖 협박 전화에 시달렸다""며 ""심지어 직접 집에 찾아와 협박을 하는 남성도 있었다""고 털어놨다.A씨는 지난달 말 저녁 쓰레기를 버리기 위해",http://v.media.daum.net/v/20120104185408662,
20120104143016,society,여성혐오,한겨레,243,북한 출신 화교 “북 꽃제비는 나도 생소…고향 그립다”,"[한겨레]북한 출신 두 화교 처녀 이야기""어린시절 오자미 놀이와 제기차기, 고무줄 놀이를 하며 놀던 고향이 그리워요.""　김정일 북한 국방위원장의 사망 애도기간 도중 중국 랴오닝성 단둥시에서 만난 북한 출신 화교 리우(28)는 외모나 어눌한 말씨가 영락없이 순박한 산골처녀다. 자강도 강계시 인근의 한 산골마을에서 태어난 그녀는 2006년 나고 자란 고향을",http://v.media.daum.net/v/20120104143016925,http://t1.daumcdn.net/news/201201/04/hani/20120104195011712.jpg
20120104073314,society,산부인과|임신,노컷뉴스,210,쫄지마 2030! 정치세력화 꿈틀,"[CBS 홍제표·이대희 기자]만성화된 청년실업은 대한민국의 미래를 짓누르는 불안 요인이 되고 있다. 제대로 된 일자리 없이 사회에 첫 발을 내딛는 지금의 20,30대는 상대적 박탈감에 좌절한다. 평생 열심히 일해도 윗 세대들이 쌓아올린 사회적 지위를 도저히 따라잡을 수 없다는 분노와 절망은 급기야 결혼과 출산 포기로 이어져 사회의 영속성마저 위협하고 있",http://v.media.daum.net/v/20120104073314774,http://t1.daumcdn.net/news/201201/04/nocut/20120104073314880.jpg
20120104211510,entertain,여성혐오,TV리포트,209,[T포토] 고창석 '붕어빵 부녀죠?',"[TV리포트 송효진 기자] 4일 오후 서울 행당동 왕십리 CGV에서 열린 영화 '댄싱퀸'(감독 이석훈, 제작 JK필름) VIP시사회에서 배우 고창석 가족이 포즈를 취하고 있다.'댄싱퀸'은 어쩌다 보니 서울시장 후보가 된 황정민과 우연히 댄스가수가 될 기회를 얻은 왕년의 신촌 마돈나 엄정화의 꿈을 향한 다이나믹한 이중생활을 그린 작품으로 1월 19일 개봉",http://v.media.daum.net/v/20120104211510635,http://t1.daumcdn.net/news/201201/04/tvreport/20120104211510682.jpg
20120104161814,politics,산부인과|여성혐오|육아|임신,연합뉴스,208,임신부·아기 둔 남성 공무원 단축근무(종합),"9급 고졸 견습직원 선발, 경찰·소방 고졸채용 확대신용카드 포인트로 지방세·공과금 납부 추진(서울=연합뉴스) 최윤정 기자 = 앞으로 임신한 여성 공무원과 생후 1년 미만 자녀를 둔 남성 공무원도 하루 1시간 육아를 위한 시간을 갖게 될 것으로 보인다.행정안전부는 올해 업무계획안을 통해 만 1세 미만 자녀를 둔 여성 공무원에게 하루 1시간 육아 시간을 주",http://v.media.daum.net/v/20120104161814196,
20120104023308,society,산부인과|육아|임신,한국일보,193,"[2012 한국사회에 묻다] ""육아휴직? 말도 못꺼내요""… 눈칫밥 먹는 직장맘의 눈물","&lt;4&gt; 양육 위해 일을 포기할 수밖에 없나야속하기만 한 회사출퇴근 시간 배려는 커녕 ""실적 늘려라·야근해라""임신 알렸더니 퇴사 종용 ""애 아파도…"" 발만 동동육아는 여성의 몫?애맡기랴 일하랴 찾으랴 온종일 전쟁 치르는 심경육아휴직 받은 직장인중 남성 직원은 2.3% 불과대기업 유통업체 홍보실에서 12년째 일하는 황규란(36) 과장은 하루하루가",http://v.media.daum.net/v/20120104023308018,http://t1.daumcdn.net/news/201201/04/hankooki/20120104023308036.jpg
20120104174809,sports,여성혐오,mfight,192,정찬성 특기 '트위스터' 전수받은 멕시코의 미녀 팬,"중남미에서도 인기를 모으고 있는 UFC, '코리안 좀비' 정찬성도 덩달아 유명세를 타고 있다. 정찬성을 방문한 멕시코의 모델 겸 배우 미레야 로페즈가 1일 지도를 받고 있다.강남정 기자riskest@gmail.com[믿을 수 있는 격투기 뉴스, 신세기 격투스포츠의 길라잡이 엠파이트 (www.mfight.co.kr)]",http://v.media.daum.net/v/20120104174809269,http://t1.daumcdn.net/news/201201/04/mfight/20120104174809277.jpg
20120104224706,entertain,여성혐오,뉴스엔,173,‘해를 품은 달’ 장영남 사지 찢기는 거열형 충격 죽음,"[뉴스엔 이민지 기자]장영남이 거열형으로 강렬한 죽음을 맞이했다.1월 4일 첫 방송된 MBC 새 수목미니시리즈 '해를 품은 달'(극본 진수완/연출 김도훈 이성준) 1회에서는 대왕대비 윤씨(김영애 분)의 계략으로 목숨을 잃은 의성군과 무녀 아리(장영남 분)의 모습이 그려졌다.대왕대비의 명을 받은 윤대형(김응수 분)은 아리를 잡아 고문하며 ""역적의 사주를 ",http://v.media.daum.net/v/20120104224706031,http://t1.daumcdn.net/news/201201/04/newsen/20120104224706053.jpg
20120104215111,society,범죄|성폭행|폭행,경향신문,164,매달 폭력 실태조사 하고도 ‘일진회’ 존재 몰랐다는 학교,2년 가까이 후배들을 상습 폭행하고 돈을 빼앗는가 하면 가출 여중생을 성폭행까지 한 학교폭력조직 '일진회' 학생 22명이 경찰에 붙잡혔다. 이 학교는 매달 전교생을 상대로 설문조사를 실시했으나 학부모들이 피해를 주장할 때까지 일진회의 존재조차 모르고 있었던 것으로 드러났다.지난해 2월 중순 경기 여주군 ㄱ중학교 인근 야산. 이 학교 일진회 '짱'으로 소,http://v.media.daum.net/v/20120104215111584,
20120104110306,sports,산부인과|여성혐오|임신,골프조선,162,"'황제' 우즈를 나락으로 떨어트린 내연녀 ""임신했어요""",'골프 황제' 타이거 우즈(36·미국)와의 섹스 스캔들로 세상에 알려진 레이첼 우치텔(36)이 최근 임신한 모습을 공개했다.우치텔은 지난 12월 29일(한국시간) 자신의 트위터에 한 장의 사진을 게재했다. 사진 속 우치텔은 한눈에 봐도 임신했음을 알 수 있을 정도로 배가 불러있다. 또한 현재 남편인 매트 한이 그녀의 배를 만지는 등 첫 아이를 기다리는 ,http://v.media.daum.net/v/20120104110306479,http://t1.daumcdn.net/news/201201/04/golfchosun/20120104110306505.jpg
20120104150013,foreign,여성혐오,노컷뉴스,155,살 덕분에 2살 조카 살해 혐의 풀린 470kg 비만녀,[노컷뉴스 김효희 기자]체중 74스톤(약 470kg) 여성이 비만 덕분에 2살 난 조카를 살해한 혐의에서 풀려났다고 지난 3일 영국 매체 데일리메일이 전했다.지난해 2008년 3월 미국 텍사스주 메이라 로살레스(31)는 여동생 제이미의 아들 엘리세오 주니어(2) 살해 혐의로 체포됐다가 무죄로 풀려났다.당시 메이라는 자신이 침대에서 구르다가 실수로 엘리세,http://v.media.daum.net/v/20120104150013805,http://t1.daumcdn.net/news/201201/04/nocut/20120104150013875.jpg
20120105154007,politics,여성혐오,한겨레,4873,박원순 폭행녀 “빨갱이 토막쳐 북으로 보내야”,"[한겨레]인터뷰｜열렬한 이회창 의원 지지자에서 과격한 '아스팔트 우파'가 된 박명옥씨의 인생역정""김대중 대통령과 노무현도 모두 빨갱이…어디서 돈 받고 왔냐고 물으면 화나""　일명 '박원순 폭행녀'로 불리는 박명옥(63)씨는 인터뷰 전 기자에게 이회창 전 자유선진당 대표를 지지하는지부터 물었다. ""그렇지 않은 기자와는 대화하고 싶지 않다""고 말했다. 그는 ",http://v.media.daum.net/v/20120105154007973,http://t1.daumcdn.net/news/201202/02/hani/20120202171008548.jpg
20120105100005,society,범죄|성추행|추행,뉴시스,1557,소방서장 성추행에 무너진 女 소방관,【광주=뉴시스】맹대환 기자 = 인명구조라는 고귀한 업무를 천직으로 생각하고 소방직에 몸담았던 30대 여성 구급대원이 상사로부터 성추행 피해를 입고 결국 퇴직해 씁쓸한 뒷맛을 남기고 있다.5일 전남도소방본부에 따르면 소방서장으로부터 성추행 피해를 당했던 이모(30·여) 소방사가 지난달 말 1년여 동안 몸담았던 소방직을 떠났다.지난 2010년 11월 전남도,http://v.media.daum.net/v/20120105100005567,
20120105085410,society,성매매,노컷뉴스,700,장애인 두 번 울리는 性 자원봉사 논란,[CBS 조혜령 기자]7살 때 동물원에서 곰에게 팔을 물린 뒤 20년 동안 장애인으로 살아온 박모(27)씨는 지난해 12월 청소년을 대상으로 성매매를 한 혐의로 구속됐다.한쪽 팔이 없어 여자를 만나기 어려웠다는 박씨는 이렇게 밖에 이성을 만날 방법이 없다며 성 자원봉사자가 있었다면 자신이 구속되지도 않았을 거라고 억울해 했다.장애인을 대상으로 성적 서비,http://v.media.daum.net/v/20120105085410608,http://t1.daumcdn.net/news/201201/05/nocut/20120105085410677.jpg
20120105012605,entertain,여성혐오,TV리포트,501,"'한밤' 에이미, 럭셔리한 집공개  '집안에도 자동문이'",[TV리포트 장민석 기자] 방송인 에이미가 럭셔리한 그녀의 집을 공개했다.4일 방송된 SBS TV '한밤의 TV연예'에선 스타들의 주거에 대해 조명한 가운데 에이미의 럭셔리한 집이 공개됐다.엘리베이터부터 사생활을 보호할 수 있는 독립된 엘리베이터로 되어있었다. 대사관들이 많이 산다는 빌라의 집안 내부는 외국인 취향에 맞는 넓은 거실과 고급스러운 가구들로,http://v.media.daum.net/v/20120105012605755,http://t1.daumcdn.net/news/201201/05/tvreport/20120105012605852.jpg
20120105092410,entertain,여성혐오,TV리포트,315,"브라이언, SM 단합사진 공개 ""부녀같은 이수만과 보아 눈에 띄네""","[TV리포트 서미연 기자] 슈퍼주니어 최시원에 이어 브라이언이 SM 가수들의 단합 사진을 공개했다.브라이언은 5일 자신의 트위터에 ""With my old label Pres. &amp; mates... Mr. Soo Man Lee""라는 글과 함께 사진을 게재했다.사진 속 동방신기의 창민 트랙스 정모 시원 보아 이수만 브라이언은 다정한 포즈로 가족애를 과",http://v.media.daum.net/v/20120105092410964,http://t1.daumcdn.net/news/201201/05/tvreport/20120105092411019.jpg
20120105175203,economic,여성혐오,이데일리,290,2040세대 70%가 불만..`기득권층·부자정책 싫다`,[이데일리 권소현 기자] 우리 사회의 주축인 20~40대 10명 중에 7명이 현재 정치와 경제상황에 대해 불만을 갖고 있는 것으로 나타났다. 특히 기득권층에 대한 행태와 부자위주 정책에 가장 큰 불만을 드러냈다.현대경제연구원이 지난달 16일부터 22일까지 전국 20세 이상 성인남녀 1011명을 대상으로 설문조사를 실시한 결과 우리나라 정치와 경제 등에 ,http://v.media.daum.net/v/20120105175203987,http://t1.daumcdn.net/news/201201/05/edaily/20120105175204258.jpg
20120105165914,society,육아,연합뉴스,261,<0∼2세 보육 지원 확대 계획에 비난 '봇물'>,"(서울=연합뉴스) 김지수 기자 = 오는 3월 만 0~2세 영유아 무상보육 시행을 앞두고, 혜택을 받지 못하는 부모들이 거세게 반발하고 있다.예산안 국회처리 과정에서 영유아 보육료 지원 예산이 정부안 대비 3천697억원 늘어나면서 신설된 만 0∼2세 무상보육의 핵심은 그동안 소득하위 70%로 한정됐던 보육료 지원 대상을 모든 영유아로 확대하는 것이 핵심이",http://v.media.daum.net/v/20120105165914190,
20120105181118,entertain,여성혐오,한국일보,247,"누구나 하는 집공개, 에이미만 욕먹는 이유",에이미가 숱한 화제를 낳고 있다.에이미는 2009년도 올리브 TV '악녀일기 시즌5'로 데뷔해 얼굴이 알려졌다. 그런데 얼마 전에는 성형의혹에 시달리더니 이번에는 집 공개로 실시간 검색 상위권을 차지하고 있다.지난 12월에는 자신의 이름을 내건 쇼핑몰의 수익정산 문제를 두고 그룹 오션 출신 사업가 오병진과 갈등을 벌이기도 했다.에이미는 일단 방송인이다.,http://v.media.daum.net/v/20120105181118921,http://t1.daumcdn.net/news/201201/05/hankooki/20120105181118933.jpg
20120105122153,society,범죄|성폭행|폭행,아시아경제,247,"성폭행으로 징역 10년 받은 미군, 항소심서 선처 호소","[아시아경제 이상미 기자]동두천에서 10대 여학생을 성폭행한 혐의로 지난해 11월 1심에서 징역 10년을 선고받은 미군 병사 K이병이 항소심 첫 공판에서도 선처를 호소했다.서울고등법원 형사5부(안영진 부장판사)는 5일 K이병 항소심 첫 공판을 진행했다.K이병은 이날 법정에서 ""나이 어린 피해자에게 평생 벗어날 수 없는 상처를 준 데 대해 깊이 반성하고 ",http://v.media.daum.net/v/20120105122153356,
20120105161517,entertain,여성혐오,티브이데일리,246,"'짝' 조작의혹, 여자2호 모태솔로 아니다? ""남자친구 있었다"" 주장","[티브이데일리 이예지 기자] '짝'이 또 한 번 조작의혹에 휩싸였다.지난 4일 방송된 SBS '짝' 모태솔로 특집에 출연한 여자2호가 과거 남자친구를 사귀었다는 주장이 제기됐다.5일 한 온라인 커뮤니티 게시판에는 '짝 모태솔로 특집 2탄 여자2호의 실체'라는 제목으로 그녀의 정체에 대해 폭로하는 글이 게재됐다.해당 글에는 ""지금 짝에 나왔던 여자2호분과",http://v.media.daum.net/v/20120105161517188,http://t1.daumcdn.net/news/201201/05/tvdaily/20120105161517262.jpg
20120105142219,entertain,여성혐오,마이데일리,227,"""농구공일 줄 알았는데""…'라스'의 불편한 성적 농담","[마이데일리 = 이승록 기자] MBC '황금어장-라디오스타'에서 MC들과 게스트들이 나눈 대화는 다소 선정적이었다.4일 밤 방송된 '라디오스타'에는 탁구 감독 유남규, SBS ESPN 농구 해설위원 우지원, SBS 야구 해설위원 양준혁이 출연했다.이날 MC 유세윤은 우지원에게 ""소녀 팬이 바지를 벗긴 적이 있냐?""고 물었다.우지원은 농구 선수로 활약하던",http://v.media.daum.net/v/20120105142219370,http://t1.daumcdn.net/news/201201/05/mydaily/20120105142411130.jpg
20120105112324,sports,여성혐오,매일경제,220,"피겨퀸 김연아, `나왔다 깜찍표정` [mk포토]","피겨여왕 김연아가 5일 서울 서초 삼성전자 다목적홀에서 열린 '2012년 삼성 스마트 에어컨Q' 신제품 발표회에 참석해 포즈를 취하고 있다.[매경닷컴 MK스포츠=옥영화 기자]▶신세경 하이킥3 출연, 궁녀에서 다시 식모로▶제시카, 크리스탈에 격한 애정 `눈길`▶고아라 오디션 영상, 될성부른 나무의 떡잎 시절이 궁금해?▶피겨퀸 김연아 `트레이드 마크 깜찍표",http://v.media.daum.net/v/20120105112324300,http://t1.daumcdn.net/news/201201/05/mk/20120105112324312.jpg
20120105141219,foreign,범죄|성희롱|여성혐오,서울신문,206,미니스커트 입은 소녀 쫓아가며 희롱하는 남성들 논란,[서울신문 나우뉴스]미니스커트를 입은 소녀들을 쫓아가며 성희롱하는 수십명의 남성들의 모습이 CCTV를 통해 알려져 파문이 일고있다.　지난달 30일(이하 현지시간) 남아프리카 공화국 요하네스버그의 한 택시 승강장 부근을 두명의 소녀들이 걷고 있었다. 한 소녀는 미니스커트 차림이었으며 나머지 한 소녀는 레깅스를 한 복장.문제는 이 미니스커트 차림을 한 소녀,http://v.media.daum.net/v/20120105141219710,http://t1.daumcdn.net/news/201201/05/seoul/20120105165114786.jpg
20120105074706,society,범죄|성폭행|폭행,연합뉴스,198,"부산서 여중생, 성폭행 피해 달아나다 추락 중상","(부산=연합뉴스) 이종민 기자 = 가출한 여중생이 성폭행을 피해 모텔에서 달아나다가 추락해 전치 12주의 중상을 입었다.5일 부산 해운대경찰서에 따르면 지난 2일 오전 1시께 부산 해운대구 우동 한 모텔 객실에서 A(14.중1)양이 성폭행을 피해 창문을 열고 달아나다가 6m 아래 바닥으로 추락, 팔과 다리를 크게 다치는 전치 12주의 중상을 입고 병원에",http://v.media.daum.net/v/20120105074706965,
20120105095323,entertain,여성혐오,스포츠조선,195,제시카 ‘후덕-앙상-볼륨’ 몸매변천사 ‘깜짝’,소녀시대 멤버 제시카의 '몸매 변천사'가 네티즌 사이에 화제다.최근 온라인 커뮤니티 게시판에는 '제시카 몸매 변천사'라는 제목의 게시물이 게재됐다.사진 속 제시카는 2008년 소녀시대 데뷔 초 '키싱유'를 부를 때부터 2011년 연말에 열린 MAMA에서 레드카펫을 밟는 모습까지 담겨있다.데뷔 초 그녀의 몸매는 허벅지뿐 아니라 몸통과 팔뚝 자체에 살이 많,http://v.media.daum.net/v/20120105095323051,http://t1.daumcdn.net/news/201201/05/sportschosun/20120105180636520.jpg
20120106152208,society,추행,연합뉴스,1276,'곧 졸업인데'..추행 가해자 부모 '전학권고' 거부,"(수원=연합뉴스) 이우성 기자 = ""학교의 '전학권고'를 학부모가 거부해 가해 학생들은 학교에 남고, 오히려 피해 여학생이 쫓기듯 전학갔어요. 이게 말이 됩니까""지난해 7~9월 경기도의 한 초ㆍ중등 남학생 8명(중1년 1명ㆍ초6년 7명)이 초등학교 여학생 A(12)양을 추행한 사실이 경찰 수사를 통해 드러나 충격을 주고 있다.더욱이 정작 몹쓸 짓을 한 ",http://v.media.daum.net/v/20120106152208066,
20120106032309,society,범죄|성추행|추행,조선일보,1047,6학년 7명이 교실에서 여학생 집단 성추행… 끔찍한 초등학생들,"""어떻게 학교 안에서 초등학생들까지 이럴 수 있습니까?""이제 겨우 초등학교 6학년, 열두 살밖에 안 된 A양의 아빠(47)는 말을 잇지 못했다. 수화기 너머에서 목이 메었다. 한숨 소리도 연거푸 들렸다. 5일 오후 경기 수원시 아주대병원 정신과. 전날 밤 이런 통화를 나눈 뒤 어렵게 만난 A씨는 친구들로부터 집단 성추행을 당한 딸과 함께 4시간 동안 정",http://v.media.daum.net/v/20120106032309335,http://t1.daumcdn.net/news/201201/06/chosun/20120106175203953.jpeg
20120106093606,society,여성혐오,헤럴드경제,561,‘박원순 폭행녀’ 기소…알고보니 국회의원 단골 폭행범,"공개 석상에서 박원순 서울시장에게 다짜고짜 손찌검을 한 여성이 재판에 넘겨졌다.서울중앙지검 형사3부(부장검사 박윤해)는 진보 진영 인사 등에게 폭행을 행사한 혐의(폭행) 등으로 박모(62) 씨를 불구속 기소했다고 6일 밝혔다.검찰에 따르면 박씨는 지난해 11월 15일 지하철 화재진압훈련을 참관하던 박 시장에게 달려들어 ""빨갱이가 왜 서울시장을 하느냐""고",http://v.media.daum.net/v/20120106093606899,
20120106132907,society,인권,머니투데이,279,[사진]고양이 탈을 쓴 김용민,"[ 뉴스1 제공](서울=뉴스1) 방인권 인턴기자 ='나와라 정봉주 국민운동본부'가 6일 오후 서울 종로구 세종로 광화문 광장 이순신 장군 동상 앞에서 열린 출범 기자회견에서 김용민 교수가 탈을 쓰고 있다.&lt; 저작권자 뉴스1 코리아, 무단전재 및 재배포 금지 &gt;☞ 뉴스1 바로가기[나도 부자가 될 수 있을까? 긴급 추천 스마트정보!][내손안의 스",http://v.media.daum.net/v/20120106132907352,http://t1.daumcdn.net/news/201201/06/moneytoday/20120106132908262.jpg
20120106120706,sports,여성혐오,골프조선,246,"우즈 前아내, 이혼 위자료 1200억원으로 '꿈의 궁전' 건설",타이거 우즈(37·미국)의 전 아내인 엘린 노그데그린(32·스웨덴)이 우즈에게 받은 거액의 위자료로 '꿈의 궁전'을 짓고 있는 사실이 알려졌다.5일(현지시간) 미국의 연예 전문 매체인 TMZ에 따르면 노그데그린은 미국 플로리다 지역에 시가 1200만달러(약140억원)짜리 저택을 새로 구입했지만 그녀만의 '꿈의 궁전'을 짓기 위해 모두 부쉈다. 방 6개에,http://v.media.daum.net/v/20120106120706246,http://t1.daumcdn.net/news/201201/06/golfchosun/20120106191105179.jpg
20120106115716,society,육아,노컷뉴스,222,"""새벽이 두려웠어요""…폭력 보육원 '충격'","[춘천CBS 박정민 기자]""생활지도원 선생님이 술을 먹은 날이면 새벽이 두려웠어요""원생들을 상습적으로 폭행한 보육원 직원들이 경찰에 붙잡혔다.6일 강원 원주경찰서는 원생들을 상습 폭행한 보육원 직원 A(32) 씨에 대해 구속영장을 신청하고 같은 혐의로 B(37)씨를 불구속 입건했다.이들 가운데 A씨는 지난 2010년부터 지난해 11월까지 자신이 일하는 ",http://v.media.daum.net/v/20120106115716301,
20120107080504,entertain,성매매,뉴스엔,639,"‘사랑과전쟁2’ 남편의 성매매, 아내도 문제? ‘시청자 분노’",'사랑과 전쟁2' 성 중독에 빠진 남편의 성매매에 아내의 책임도 있다는 결론이 나와 시청자들이 분노했다.1월 6일 방송된 KBS 2TV 부부클리닉 '사랑과전쟁2'(극본 김태은/연출 김종윤) 8회 '색다른 남편'에서는 성중독에 빠진 남편 김민섭(김덕현 분)과 성에 수동적인 아내 유은주(김선영 분) 부부가 등장했다.겉보기엔 흠잡을 데 없는 남편이자 아내와 ,http://v.media.daum.net/v/20120107080504332,http://t1.daumcdn.net/news/201201/07/newsen/20120107080504636.jpg
20120107030103,economic,여성혐오,중앙일보,431,"월 3000만원 소득자, 연 67만5000원 ‘버핏세’ 낸다","비과세소득을 뺀 월급여가 500만원이고 주부인 부인, 중학생인 자녀 2명과 사는 근로자는 올해 매달 25만540원의 세금을 떼고 월급을 받게 된다. 지난해보다 세금을 월 470원, 연 5640원 덜 내게 되는 셈이다. 소득세율에 변화가 없어 지난해와 큰 차이는 없지만 연금보험료 부과 기준이 바뀌면서 원천징수되는 세액이 줄었기 때문이다.&lt; 여기를 누",http://v.media.daum.net/v/20120107030103566,http://t1.daumcdn.net/news/201201/07/joongang/20120107102807575.gif
20120107113904,politics,여성혐오,연합뉴스,174,<與 `돈봉투' 의혹 추가 제기에 당혹>,"""이런 상황에서 지역구 돌아다녀 봐야 의미없어""(서울=연합뉴스) 김남권 기자 = 한나라당 고승덕 의원의 `전당대회 돈봉투' 폭로에 이어 추가 의혹이 잇따라 제기되면서 한나라당이 곤혹스러움을 감추지 못하고 있다.고 의원의 돈봉투 의혹 제기가 지난 2008년 전당대회와 관련됐다는 관측이 나오는 가운데 당 안팎에서 2010년 전대는 물론 비례대표 공천 과정에",http://v.media.daum.net/v/20120107113904045,http://t1.daumcdn.net/news/201201/07/yonhap/20120107115805031.jpg
20120107185903,economic,산부인과|임신,연합뉴스,115,"서규용 장관 ""9일 암소도태 작업 착수""","경북 농정 특강…""소 40만 마리 줄이고 농협 유통 개선""(문경=연합뉴스) 최현석 기자 = 서규용 농림수산식품부 장관은 오는 9일 등급이 떨어지는 송아지를 출산한 암소를 선별해 도태시키는 작업에 착수한다고 7일 밝혔다.소값 안정을 위해 암소 도태와 자연 도태 등을 통해 적정 수준보다 40만 마리 가량 많은 소 사육두수를 줄일 방침이다.서 장관은 이날 경",http://v.media.daum.net/v/20120107185903926,http://t1.daumcdn.net/news/201201/08/yonhap/20120108013805885.jpg
20120108063204,politics,산부인과|임신,연합뉴스,1338,"與, `근무시간 단축' 총선 공약 검토",배우자 출산휴가 5일에서 10일로 늘리는 방안도 추진(서울=연합뉴스) 이준서 기자 = 한나라당이 우리나라의 관행화된 `장시간 근로문화' 개선을 총선 공약으로 제시하는 방안을 검토 중인 것으로 알려졌다.근로시간 단축은 전통적으로 야당의 `단골 공약'이었지만 오랜 시간 근무로 생산력을 높이는 산업구조가 한계에 이르렀다는 판단에 따라 집권 여당으로서 현실적인,http://v.media.daum.net/v/20120108063204130,http://t1.daumcdn.net/news/201201/08/yonhap/20120108103707461.jpg
20120108043308,society,여성혐오,연합뉴스,741,<'피부색 다르다' 왕따…더 아픈 다문화가정>,"학교폭력 사각지대…""교사는 알고도 미온 대처""(서울=연합뉴스) 이지헌 기자 = 다문화가정 자녀가 '왕따' 등 학교폭력에 심각하게 노출되고 있는 것으로 나타났다.다문화가정 자녀 특성화 교육으로 이름난 학교에서조차 교사가 이런 문제에 대해 미온적으로 대처하고 있다는 지적이 나오고 있다.방글라데시 출신 아버지와 한국인 어머니를 둔 A(11)군은 요즘 부모에게",http://v.media.daum.net/v/20120108043308710,
20120108181208,society,인권,연합뉴스,722,서울교육청 학생인권조례 재의요구 공식통보(종합),"진보ㆍ보수 교육계 격돌 예상(서울=연합뉴스) 김연정 기자 = 서울시교육청이 체벌금지, 두발ㆍ복장 자율화, 교내 집회 허용 등의 내용이 담긴 `서울 학생인권조례'에 대해 서울시의회에 재의 요구 방침을 공식적으로 밝혔다.서울시의회 교육위원회 김상현(민주당) 위원장은 8일 연합뉴스와 통화에서 ""오늘 오후 4시께 이대영 서울교육감 권한대행으로부터 `재의 요구'",http://v.media.daum.net/v/20120108181208625,
20120108202606,entertain,여성혐오,TV리포트,255,"'K팝스타' 김나윤 무대 본 보아 독설 ""노래 되게 못하네요?""",[TV리포트 황소영 기자] 보아가 '키보드 천재소녀'로 주목받던 김나윤의 무대를 보고 독설을 퍼부었다.8일 방송된 SBS TV 서바이벌 오디션 'K팝 스타'에서는 캐스팅 오디션 중간평가 현장이 공개됐다.이날 주어진 미션은 캐스팅 오디션. 이는 참가자들이 원하는 멤버들이 모여서 조를 이루어 원하는 곡을 골라 편곡해 부르는 것.김나윤은 동갑내기 또래 친구들,http://v.media.daum.net/v/20120108202606084,http://t1.daumcdn.net/news/201201/08/tvreport/20120108210910233.jpg
20120108213056,society,여성혐오,SBS,229,"학교폭력, 존댓말 교육이 대안? 효과는…",&lt;8뉴스&gt;&lt;앵커&gt;요즘 어린 자녀들에게 존댓말을 쓰는 엄마들이 늘고 있습니다. 좀 어색할 것 같아도 예절교육은 물론 학교 폭력까지 예방할 수 있다며 주목받고 있습니다.임태우 기자가 보도합니다.&lt;기자&gt;서울의 한 어린이집.[초록색 줄까요? 이쪽으로 꽂아야 될 것 같은데요?][(이제 뭐예요?) 잠자리. 잠자리가 어떻게 날아가요?,http://v.media.daum.net/v/20120108213056740,http://t1.daumcdn.net/news/201201/08/sbs/20120108213056748.jpg
20120108165917,entertain,여성혐오,스타뉴스,177,"日여장배우 ""K팝 美표절..日나갈거면 나가라""","[머니투데이 스타뉴스 문완식 기자]소녀시대 ⓒ스타뉴스일본의 한 탤런트가 방송에서 K-POP은 미국의 표절이며 일본이 싫으면 떠나라고 목소리를 높였다.일본 인터넷매체 J-캐스트뉴스 6일자에 따르면 일본 탤런트 마쓰코 디럭스는 지난 5일 오후 방송된 후지TV 버라이어티 프로그램 '나카요시 TV'에서 ""K-POP은 미국 표절""이라고 말했다.이날 '나카요시 T",http://v.media.daum.net/v/20120108165917315,http://t1.daumcdn.net/news/201201/08/starnews/20120108165917392.jpg
20120108120209,society,여성혐오,연합뉴스,159,"""노인 10명 중 7명은 성생활한다""","성병·성기능저하 등 고민도 깊어(서울=연합뉴스) 김지수 기자 = 건강 수명이 늘어나면서 노인 가운데 상당수가 성생활을 하고 있으며, 성병 감염이나 성기능 저하 등 고민 또한 크다는 조사 결과가 나왔다.보건복지부는 전국의 65세 이상 남녀 노인 500명을 대상으로 한 성생활 실태 조사 결과 현재 '성생활을 한다'는 응답비율이 66.2%(331명)에 달했다",http://v.media.daum.net/v/20120108120209380,http://t1.daumcdn.net/news/201201/08/yonhap/20120108152810312.jpg
20120108081507,entertain,여성혐오,뉴스엔,147,김수용 “앙숙 김숙이 이혼녀-술집여자 소개팅 주선” 폭로,"[뉴스엔 이민지 기자]김수용이 황당 소개팅 경험을 공개했다.김수용은 1월 7일 방송된 MBC '세상을 바꾸는 퀴즈-세바퀴'에서 김숙이 주선한 소개팅 사연을 밝혀 웃음을 자아냈다.김수용은 ""결혼 전 김숙이 소개팅을 해준다고 해서 나갔다. 의상디자이너였는데 정말 도도하고 대답도 잘 안했다. 관심 없는 줄 알고 김숙하고 떠들었는데 화를 내더라""고 말했다.김수",http://v.media.daum.net/v/20120108081507692,http://t1.daumcdn.net/news/201201/08/newsen/20120108081507776.jpg
20120108195612,society,범죄|성추행|추행,뉴시스,141,"인천 중학교서 같은 반 여학생에게 ""가슴 크다…""","【인천=뉴시스】함상환 기자 = 인천 계양구 모 중학교 여학생 집단폭행 사건이 채 가시기도 전에 또 다시 인천 서구의 한 중학교에서 남학생들이 같은 반 여학생에게 성추행적 발언을 한 사건이 발생했다.8일 중학교에 따르면 ""지난해 11월8일 1학년 A군과 B군 등이 같은 반 여학생 C양에게 체육수업을 하기위해 체육복으로 갈아입을 때 ""가슴이 크다 많이 커 ",http://v.media.daum.net/v/20120108195612308,
20120108180711,society,여성혐오|육아,매일경제,125,엄마·아빠는 수도권…아이는 지방 외할머니댁,`롱 디스턴스 패밀리`아시나요수도권 맞벌이 27% 친척에게 자녀 맡겨◆ 2012 신년기획 / 보육 업그레이드 ① ◆ 경기도 하남시에 사는 김영남 씨(37ㆍ중견기업 직원)는 오는 22~24일 설 연휴만 생각하면 눈앞이 캄캄하다. 토요일인 21일 생후 15개월짜리 아들이 살고 있는 경북 구미시 처가까지 220㎞를 갔다가 하룻밤을 보내고 연휴 첫날인 22일에,http://v.media.daum.net/v/20120108180711703,
20120109115407,society,인권,연합뉴스,539,"조현오 ""이제는 경찰이 검찰 통제해야""","(대구=연합뉴스) 이덕기 기자 = 수사권 조정 문제로 검찰과 경찰이 첨예한 갈등을 빚고 있는 가운데 조현오 경찰청장이 ""이제는 우리가(경찰이) 검찰을 통제해야 되지 않겠나""고 말해 눈길을 모았다.조 청장은 9일 대구지방경찰청 대강당에서 열린 학교폭력 관련 시민 간담회에 이어 현장직원들과 비공개 간담회를 가진 자리에서 ""수사권과 관련해서 인권문제가 이야기",http://v.media.daum.net/v/20120109115407192,http://t1.daumcdn.net/news/201201/09/yonhap/20120109132413445.jpg
20120109105722,entertain,산부인과|임신,스타뉴스,443,"이주노 아내 박미리 ""엄마에게 미안해…""","[머니투데이 스타뉴스 이정빈 인턴기자]ⓒ출처=KBS 2TV '여유만만' 방송화면가수 이주노(45)의 23살 연하 아내 박미리가 힘들게 맺은 사랑의 결실에 눈물을 보였다.9일 오전 방송된 KBS 2TV '여유만만'에 출연한 이주노 박미리 부부는 그간 힘들었던 시간을 고백하며 서로에 대한 사랑을 확인했다.박미리는 ""(교제 사실을)임신 5개월까지 숨겼다""고 ",http://v.media.daum.net/v/20120109105722533,http://t1.daumcdn.net/news/201201/09/starnews/20120109110319346.jpg
20120109103805,society,여성혐오|육아,머니투데이,376,"맞벌이부부 70% ""아내가 가사·육아 전담한다""","[ 뉴스1 제공](수원=뉴스1) 김서연 기자 = 맞벌이 부부는 남편보다 아내가 가사와 육아를 70%이상 전담하고 있고, 외벌이 부부의 82.5%는 아내의 취업을 원하는 것으로 나타났다.경기도여성능력개발센터는 지난해 12월 한달간 여성 취.창업 전문 온라인경력개발센터 꿈날개의 기혼 남녀 회원 1428명을 대상으로 실시한 설문 조사를9일 발표했다.설문 결과",http://v.media.daum.net/v/20120109103805766,
20120109165610,entertain,범죄,조이뉴스24,362,"김나윤 클럽 논란, 다 된 'K팝스타'에 재 뿌리나","&lt; 조이뉴스24 &gt;[장진리기자] 'K팝스타' 참가자 김나윤을 둘러싼 논란이 갈수록 뜨거워지고 있다.SBS '일요일이 좋다 2부-서바이벌 오디션 K팝스타(이하 K팝스타)'에 출연하고 있는 참가자 김나윤이 미성년자임에도 클럽에 출입한 사진이 공개돼 논란을 빚었다.논란이 뜨거워지자 'K팝스타' 제작진은 ""가족 모임을 그 클럽에서 했다. 사진은 가족",http://v.media.daum.net/v/20120109165610852,http://t1.daumcdn.net/news/201201/09/joynews24/20120109165610908.jpg
20120109133814,entertain,산부인과|여성혐오|임신,마이데일리,351,"김완선, ""서태지와 아이들 결혼은 다 왜그래?""",[마이데일리 = 서현진 기자] 가수 김완선이 서태지와 아이들 멤버들의 남다른 결혼소식에 놀라운 마음을 전했다.김완선은 9일 오전 방송된 KBS 2TV '여유만만'에서 서태지와 아이들 출신 이주노의 득녀소식에 축하하기 위해 병원을 찾았다.이주노와 23세 연하의 아내인 박미리씨는 지난해 12월 19일 서울의 한 산부인과에서 건강한 딸을 출산했다.그의 득녀소,http://v.media.daum.net/v/20120109133814629,http://t1.daumcdn.net/news/201201/09/mydaily/20120109183419555.jpg
20120109045809,politics,여성혐오,연합뉴스,308,'30대 노총각'은 옛말…남성 결혼 나이 32세,"40~44세 男 7명 중 1명 '싱글'…""미혼 문제 남자가 더 심각""이혼율은 2003년 정점으로 하향 안정화 추세(서울=연합뉴스) 김용래 구정모 기자 = 최근 20년 사이 남녀 초혼 연령이 4세가량 증가했다.만혼 추세가 강화돼 2010년 기준으로 40~44세 남성 중 미혼 비율이 14.8%나 됐다. 15년 전에 비교해 2.5배로 늘었다.9일 한국인구학회",http://v.media.daum.net/v/20120109045809551,http://t1.daumcdn.net/news/201201/09/yonhap/20120109182805697.jpg
20120109173127,society,인권,매일경제,218,무소불위 `일진` 횡포 막을 해법은,"학생인권조례 재의로 교권 강화교내폭력 자진신고땐 인센티브쉬쉬하는 교사엔 벌점부과 병행""학생이 담배 피우는 걸 제재라도 하면 당장 '밤길 조심하세요'란 소리를 듣는데 어떻게 폭력 학생들을 막을 수 있겠습니까."" '일진'들이 두려워 교사, 학생들이 제자와 친구의 어려움을 방관하면서 학교가 약육강식의 '정글'처럼 변하고 있다는 비판이 나오고 있다. 이에 따라",http://v.media.daum.net/v/20120109173127651,
20120109050105,society,여성혐오,뉴시스,214,"""모텔서 살 수 밖에 없는 우리 철수 구해주세요""","엄마 ""아들이 혹시 남녀 불륜장면 볼까 조마조마""철수 모자사연 알려지자 김미화 씨 등 각계서 도움【서울=뉴시스】박대로 기자 = 모텔(motel)은 원래 자동차 여행자 숙박시설을 일컫는 용어지만, 한국에서만큼은 다른 의미로 다가온다. '러브호텔'로 불리는 일부 모텔에서의 남녀 불륜은 종종 사회문제가 되기도 하고, 일반인들 역시 대개 모텔을 비교육적인 공간",http://v.media.daum.net/v/20120109050105050,http://t1.daumcdn.net/news/201201/09/newsis/20120109050105200.jpg
20120109205204,society,인권,세계일보,195,['폭력에 멍든 학교' 탈출구는] 교원단체 '인권논쟁'… 학교는 책임 떠넘기기… 길 잃은 '폭력 해법',"학생인권조례 제정 후 폭력 증가""1차 파수꾼 교사 역할 강화해야""[세계일보]흉포화, 저연령화하고 있는 학교폭력 문제를 해결하기 위해 '1차 파수꾼'인 교사의 역할을 강화해야 한다는 목소리가 높다. 하지만 교사·학교는 근무 평점, 학교 이미지 악화 등을 우려해 교내 폭력을 덮거나 축소하는 데에만 급급해 비판을 받고 있다. 교원단체들 또한 '네 탓' 공방만",http://v.media.daum.net/v/20120109205204190,http://t1.daumcdn.net/news/201201/09/segye/20120109233904988.jpg
20120109222022,economic,산부인과|임신,SBS,161,"경제난에 허덕, 연애는 뒷전…출산율 저하로","&lt;8뉴스&gt;&lt;앵커&gt;요새 30대 남자들 붙잡고 빨리 장가가지 뭐하냐고 물으면 십중팔구는 ""먹고 사느라 여자 만날 시간이 잆어야지요"" 이런 대답이 돌아옵니다. 결혼자금은커녕 당장 생활비 마련하기도 벅차서 연애는 뒷전으로 밀리는 겁니다.이민주 기자가 취재했습니다.&lt;기자&gt;인기리에 방송 중인 TV 짝 찾기 프로그램입니다.40대 특집",http://v.media.daum.net/v/20120109222022218,http://t1.daumcdn.net/news/201201/09/sbs/20120109222022230.jpg
20120110161710,politics,여성혐오,연합뉴스,1277,"<국민 50% ""한나라당 쇄신 기대 안 해"">","(서울=연합뉴스) 김호준 기자 = 국민의 절반은 한나라당 비상대책위원회의 쇄신작업에 기대를 걸지 않는 것으로 조사됐다.여론조사기관인 리얼미터는 지난 3일 전국 19세 이상 남녀 1천명을 대상으로 전화 여론조사를 실시한 결과, 전체 응답자의 50.7%가 한나라당의 쇄신 추진에 대해 ""기대하지 않는다""고 답변했다고 10일 밝혔다.""기대한다""는 긍정적인 답변",http://v.media.daum.net/v/20120110161710865,http://t1.daumcdn.net/news/201201/11/yonhap/20120111101713242.jpg
20120110101509,society,범죄|성폭행|폭행,연합뉴스,972,초·중학생 10여명 여중생과 성관계..경찰 수사,(대구=연합뉴스) 이덕기 기자 = 여중생이 같은 또래의 동네 초등학생과 중학생 등 남학생 10여명과 지속적으로 성관계를 가졌다는 신고가 접수돼 경찰이 수사에 나섰다.10일 대구지방경찰청에 따르면 A(14·중1)양의 삼촌으로부터 '조카가 성폭행 당했다'는 내용의 신고가 최근 접수됐다.신고를 접수한 경찰은 피해자 A양을 상대로 직접 조사를 벌인 결과 H(1,http://v.media.daum.net/v/20120110101509975,
20120110195007,society,여성혐오,뉴시스,690,'단돈 2만원 때문에'…100일 된 딸 둔 10대 가장 강도 짓,【대구=뉴시스】박광일 기자 = 중학교를 중퇴한 뒤 아르바이트를 하며 전전긍긍 생활해 오던 A(18)군은 새해 첫날 새벽부터 고깃집 아르바이트를 끝내고 지친 몸을 끌고 집으로 향하고 있었다.집에서 기다리고 있을 한 살 어린 동거녀와 100일도 안 된 첫 딸 생각에 2011년의 마지막 날과 새해 첫날에도 일을 쉴 수 없었기 때문.A군은 집으로 향하던 중 대,http://v.media.daum.net/v/20120110195007795,
20120110225006,society,여성혐오,한겨레,681,강정마을 수녀들 무더기 경찰 연행,[한겨레] 　제주 서귀포시 강정마을 해군기지 공사현장에서 공사중단을 촉구하며 153배 기원 기도를 하던 수녀들이 무더기로 경찰에 연행됐다.　10일 오전 11시 강정마을에서 열린 강우일 천주교 제주교구장의 미사에 참여한 가톨릭수녀회 소속 수녀 등 20여명이 미사가 끝난 뒤 오후 3시부터 해군기지 공사현장 앞에서 공사중단을 기원하는 153배 기도를 올렸다.,http://v.media.daum.net/v/20120110225006002,
20120110035310,society,범죄|성폭행|폭행,YTN,486,대구에서 여중생 '집단 성폭행' 의혹,[앵커멘트]대구에서 중학생이 자살한 사건에 이어 이번에는 여중생이 자신의 집에서 또래 남학생들에게 집단 성폭행을 당했다는 의혹이 제기됐습니다.가족들의 신고가 접수되면서 경찰이 수사에 착수했습니다.허성준 기자가 보도합니다.[리포트]대구 서구에 있는 한 중학교입니다.이 학교 1학년생인 김 모 양은 또래 남학생 10여 명으로부터 집단 성폭행을 당했다며 학교에,http://v.media.daum.net/v/20120110035310020,http://t1.daumcdn.net/news/201201/10/ytntv/20120110035310122.jpg
20120110170028,digital,여성혐오,한겨레,400,조선일보 기사 퍼나르는 미녀들 대체 누구인가,[한겨레]트위터서 '하나금융' '조선' 등 기사 리트윗하는 알바 계정 분석해보니여고생이라며 '하나' 관련 글만 남겨…10시 시작해 6시 지나면 글 안써　트위터 '알바'는 있을까 없을까. 최근 누리꾼들 사이에선 이 문제가 화제다. '조선일보봇'(조선일보 기사를 자동으로 트위터에 퍼뜨리는 계정)이 발견되면서 누리꾼들은 알바의 실체를 쫓고 있다. &lt;한겨,http://v.media.daum.net/v/20120110170028521,http://t1.daumcdn.net/news/201202/02/hani/20120202172006784.jpg
20120110000507,economic,여성혐오,중앙일보,231,부모 허리 휘는 초등생 '등골 책가방' 헉!,"서울 신촌동에 사는 주부 박정진(37)씨는 요즘 초등학교 2, 4학년인 두 자녀의 책가방 구입을 놓고 고심하고 있다. 올해 백화점에 가 보니 책가방과 신발주머니를 합쳐 브랜드 제품 가격이 대부분 10만원대 후반으로 올랐고 일부는 20만원을 넘어섰다. 지난해엔 10만원대 초반에 모두 구입했다. 박씨는 ""가볍고 튼튼하면 되는데 불필요한 기능을 붙여 값을 자",http://v.media.daum.net/v/20120110000507154,http://t1.daumcdn.net/news/201201/10/joongang/20120110203908672.jpg
20120110031903,society,범죄|성추행|추행,조선일보,211,"가해학생 부모가 찾아와 ＂죽여버리겠다＂ 왕따일기 공개한 학생 가족, 교회로 피신","1년간 동급생들에게 온갖 폭행과 모욕, 성추행 등 '왕따 폭행'을 당했던 서울 강서구 K중학교 1학년 임모(13)군 가족은 8일 살던 집을 떠나 경기도 남양주 의 한 교회로 피신했다.가족들은 임군이 가해 학생 7명 가운데 한 명으로 지목했던 학생의 아버지가 지난해 12월 집으로 찾아와 벌인 난동과 협박이 되풀이될까 두려워하고 있다. 1년간 자식이 당한 ",http://v.media.daum.net/v/20120110031903908,
20120110031909,society,여성혐오,조선일보,197,"다문화 가정 자녀 37%가 왕따… ＂엄마, 학교엔 제발 오지마＂","어머니가 필리핀 출신인 서울 구로구의 한 초등학교 5학년 김모(12)군은 3학년 때까지 반에서 1등을 할 정도로 공부를 잘했다. 3학년 때 담임교사는 김군에게 ""어머니, 학교에 면담 오시라고 해라""고 했다. 며칠째 김군 어머니가 학교에 오지 않자 교사가 직접 어머니에게 전화해 학교 방문을 요청했다. 하지만 아들은 어머니에게 ""엄마를 정말 사랑하지만 제발",http://v.media.daum.net/v/20120110031909828,http://t1.daumcdn.net/news/201201/10/chosun/20120110170714493.jpeg
20120110140924,society,범죄|성추행|성폭행|추행|폭행,노컷뉴스,178,성폭행하려던 남성 살해한 50대 女,[부산CBS 강민정 기자]부산 북부경찰서는 술을 같이 마시던 이웃 남성이 자신에게 추근댄다며 목졸라 살해한 혐의로 A(53.여)씨에 대해 구속영장을 신청했다.A씨는 지난 8일 오전 11시쯤 북구 구포동 자신의 집에서 이웃주민 한모(53)씨와 술을 마시던 중 한씨가 자신을 성추행하자 전기다리미 줄로 목졸라 숨지게 한 혐의를 받고 있다.경찰에 따르면 A씨는,http://v.media.daum.net/v/20120110140924772,
